ID,Site Number,Site Location,Cluster Name,Site Acronym,Date,DOC,UVA,SUVA,TDN,E. coli,Coliform,Mycobacterium,Season,Year
12268,HWY 87,AZ Canal at Highway 87,srp,az canal @ hwy 87,1/1/2021,,,,,,,4,Winter,2021
12269,PIMA,AZ Canal at Pima Rd.,srp,az canal @ pima,1/1/2021,,,,,,,13,Winter,2021
12263,R11,CAP Canal at Cross-connect,cap,cap @ x con,1/1/2021,4.4,0.015,0.3,0.331,154,55,89,Winter,2021
12266,R12,AZ Canal above CAP Cross-connect,srp,az canal inflow,1/1/2021,,,,,,,53,Winter,2021
12267,R13,AZ Canal below CAP Cross-connect,srp,az canal blw cap,1/1/2021,,,,,,,8,Winter,2021
12271,R21,AZ Canal at Central Av.,srp,az canal @ central ave.,1/1/2021,,,,,,,16,Winter,2021
12270,R22,AZ Canal - 56th St. (Alma School Road),srp,az canal @ 56th st.,1/1/2021,,,,,,,0,Winter,2021
12234,R25,verde river at beeline highway,verde,verde @ beeline,1/1/2021,1.2,,,,,,8,Winter,2021
12258,R3,Waddell Canal,cap,waddell canal,1/1/2021,4.2,0.034,0.8,0.32,123,211,,Winter,2021
12274,SOCA,South Canal below CAP Cross-conect,srp,South canal below CAP,1/1/2021,3.6,0.093,2.6,0.332,269,223,18,Winter,2021
12218,HWY 87,AZ Canal at Highway 87,srp,az canal @ hwy 87,11/1/2020,4.08,0.075,1.84,1.754,,,,Fall,2020
12219,PIMA,AZ Canal at Pima Rd.,srp,az canal @ pima,11/1/2020,4.21,0.101,2.4,1.752,230,650,,Fall,2020
12213,R11,CAP Canal at Cross-connect,cap,cap @ x con,11/1/2020,3.79,0.028,0.74,1.706,120,320,21,Fall,2020
12216,R12,AZ Canal above CAP Cross-connect,srp,az canal inflow,11/1/2020,3.91,0.052,1.33,1.728,100,400,,Fall,2020
12217,R13,AZ Canal below CAP Cross-connect,srp,az canal blw cap,11/1/2020,4.09,0.062,1.52,1.729,163,,,Fall,2020
12221,R21,AZ Canal at Central Av.,srp,az canal @ central ave.,11/1/2020,4.11,0.064,1.56,1.711,,,,Fall,2020
12220,R22,AZ Canal - 56th St. (Alma School Road),srp,az canal @ 56th st.,11/1/2020,4.13,0.092,2.23,1.752,,,,Fall,2020
12184,R25,verde river at beeline highway,verde,verde @ beeline,11/1/2020,3.8,0.047,1.2,1.762,,,,Fall,2020
12208,R3,Waddell Canal,cap,waddell canal,11/1/2020,3.86,0.043,1.11,1.735,112,,23,Fall,2020
12224,SOCA,South Canal below CAP Cross-conect,srp,South canal below CAP,11/1/2020,4.11,0.1,2.43,1.739,225,881,43,Fall,2020
12168,HWY 87,AZ Canal at Highway 87,srp,az canal @ hwy 87,10/1/2020,4.03,0.116,2.88,0.251,75,650,45,Fall,2020
12169,PIMA,AZ Canal at Pima Rd.,srp,az canal @ pima,10/1/2020,4.06,0.137,3.38,0.245,,,30,Fall,2020
12163,R11,CAP Canal at Cross-connect,cap,cap @ x con,10/1/2020,,,,,,,0,Fall,2020
12166,R12,AZ Canal above CAP Cross-connect,srp,az canal inflow,10/1/2020,4.27,0.123,2.88,0.264,62,550,12,Fall,2020
12167,R13,AZ Canal below CAP Cross-connect,srp,az canal blw cap,10/1/2020,4.16,0.145,3.49,0.262,67,555,0,Fall,2020
12171,R21,AZ Canal at Central Av.,srp,az canal @ central ave.,10/1/2020,4.3,0.126,2.93,0.223,80,450,12,Fall,2020
12170,R22,AZ Canal - 56th St. (Alma School Road),srp,az canal @ 56th st.,10/1/2020,4.28,0.139,3.25,0.263,80,,33,Fall,2020
12134,R25,verde river at beeline highway,verde,verde @ beeline,10/1/2020,,,,,15,250,15,Fall,2020
12158,R3,Waddell Canal,cap,waddell canal,10/1/2020,2.84,0.064,2.26,0.31,90,,0,Fall,2020
12174,SOCA,South Canal below CAP Cross-conect,srp,South canal below CAP,10/1/2020,4.02,0.131,3.26,0.287,,,5,Fall,2020
12118,HWY 87,AZ Canal at Highway 87,srp,az canal @ hwy 87,9/1/2020,5.01,0.122,2.44,0.487,27,,13,Summer,2020
12119,PIMA,AZ Canal at Pima Rd.,srp,az canal @ pima,9/1/2020,4.96,0.13,2.62,0.536,17,,17,Summer,2020
12113,R11,CAP Canal at Cross-connect,cap,cap @ x con,9/1/2020,,,,,,,,Summer,2020
12116,R12,AZ Canal above CAP Cross-connect,srp,az canal inflow,9/1/2020,4.79,0.121,2.53,0.469,39,,7,Summer,2020
12117,R13,AZ Canal below CAP Cross-connect,srp,az canal blw cap,9/1/2020,4.92,0.118,2.4,0.46,24,460,21,Summer,2020
12121,R21,AZ Canal at Central Av.,srp,az canal @ central ave.,9/1/2020,4.84,0.125,2.58,0.35,25,,10,Summer,2020
12120,R22,AZ Canal - 56th St. (Alma School Road),srp,az canal @ 56th st.,9/1/2020,4.95,0.13,2.62,0.531,14,426,11,Summer,2020
12084,R25,verde river at beeline highway,verde,verde @ beeline,9/1/2020,,,,,,,,Summer,2020
12108,R3,Waddell Canal,cap,waddell canal,9/1/2020,3.09,0.063,2.04,0.393,9,310,19,Summer,2020
12124,SOCA,South Canal below CAP Cross-conect,srp,South canal below CAP,9/1/2020,5.33,0.125,2.34,0.438,22,120,18,Summer,2020
12068,HWY 87,AZ Canal at Highway 87,srp,az canal @ hwy 87,8/1/2020,4.36,0.105,2.41,,353,,11,Summer,2020
12069,PIMA,AZ Canal at Pima Rd.,srp,az canal @ pima,8/1/2020,4.45,0.101,2.27,,390,,12,Summer,2020
12063,R11,CAP Canal at Cross-connect,cap,cap @ x con,8/1/2020,3.58,0.053,1.48,,44,580,,Summer,2020
12066,R12,AZ Canal above CAP Cross-connect,srp,az canal inflow,8/1/2020,4.79,0.116,2.42,,154,810,9,Summer,2020
12067,R13,AZ Canal below CAP Cross-connect,srp,az canal blw cap,8/1/2020,4.48,0.099,2.21,,370,,33,Summer,2020
12071,R21,AZ Canal at Central Av.,srp,az canal @ central ave.,8/1/2020,4.55,0.122,2.68,,340,560,22,Summer,2020
12070,R22,AZ Canal - 56th St. (Alma School Road),srp,az canal @ 56th st.,8/1/2020,4.8,0.141,2.94,,475,,20,Summer,2020
12065,R25,verde river at beeline highway,verde,verde @ beeline,8/1/2020,4.39,0.2,4.56,,,,,Summer,2020
12058,R3,Waddell Canal,cap,waddell canal,8/1/2020,3.72,0.046,1.24,,8,360,20,Summer,2020
12074,SOCA,South Canal below CAP Cross-conect,srp,South canal below CAP,8/1/2020,4.73,0.121,2.56,,204,,21,Summer,2020
12018,HWY 87,AZ Canal at Highway 87,srp,az canal @ hwy 87,7/23/2020,4.97,0.17,3.42,0.323,124,268,23,Summer,2020
12019,PIMA,AZ Canal at Pima Rd.,srp,az canal @ pima,7/23/2020,4.74,0.136,2.87,0.301,42,290,21,Summer,2020
12013,R11,CAP Canal at Cross-connect,cap,cap @ x con,7/23/2020,3.4,0.079,2.33,,225,,9,Summer,2020
12016,R12,AZ Canal above CAP Cross-connect,srp,az canal inflow,7/23/2020,3.24,0.08,2.47,0.272,20,424,21,Summer,2020
12017,R13,AZ Canal below CAP Cross-connect,srp,az canal blw cap,7/23/2020,4.73,0.139,2.94,0.329,58,364,29,Summer,2020
12021,R21,AZ Canal at Central Av.,srp,az canal @ central ave.,7/23/2020,4.67,0.167,3.58,0.364,68,376,27,Summer,2020
12020,R22,AZ Canal - 56th St. (Alma School Road),srp,az canal @ 56th st.,7/23/2020,4.59,0.152,3.31,0.323,51,420,23,Summer,2020
11984,R25,verde river at beeline highway,verde,verde @ beeline,7/23/2020,5,0.17,3.4,0.264,95,460,9,Summer,2020
12008,R3,Waddell Canal,cap,waddell canal,7/23/2020,4.97,0.095,1.91,0.442,102,160,11,Summer,2020
12024,SOCA,South Canal below CAP Cross-conect,srp,South canal below CAP,7/23/2020,4.96,0.177,3.57,0.349,109,224,19,Summer,2020
11968,HWY 87,AZ Canal at Highway 87,srp,az canal @ hwy 87,6/1/2020,6.44,0.209,3.24,0.684,,,15,Spring,2020
11969,PIMA,AZ Canal at Pima Rd.,srp,az canal @ pima,6/1/2020,5.42,0.195,3.6,0.415,26,492,25,Spring,2020
11963,R11,CAP Canal at Cross-connect,cap,cap @ x con,6/1/2020,,,,,,,20,Spring,2020
11966,R12,AZ Canal above CAP Cross-connect,srp,az canal inflow,6/1/2020,5.48,0.209,3.82,0.432,31,391,17,Spring,2020
11967,R13,AZ Canal below CAP Cross-connect,srp,az canal blw cap,6/1/2020,5.73,0.097,1.69,0.566,75,420,21,Spring,2020
11971,R21,AZ Canal at Central Av.,srp,az canal @ central ave.,6/1/2020,5.2,0.191,3.67,0.423,90,,17,Spring,2020
11970,R22,AZ Canal - 56th St. (Alma School Road),srp,az canal @ 56th st.,6/1/2020,5.28,0.201,3.8,0.5,160,,9,Spring,2020
11965,R25,verde river at beeline highway,verde,verde @ beeline,6/1/2020,5.47,0.226,4.13,0.348,47,120,19,Spring,2020
11958,R3,Waddell Canal,cap,waddell canal,6/1/2020,3.57,0.094,2.63,0.39,46,300,25,Spring,2020
11974,SOCA,South Canal below CAP Cross-conect,srp,South canal below CAP,6/1/2020,5.52,0.204,3.7,0.431,51,320,13,Spring,2020
11918,HWY 87,AZ Canal at Highway 87,srp,az canal @ hwy 87,5/1/2020,5.96,0.087,1.46,1.581,22,,7,Spring,2020
11919,PIMA,AZ Canal at Pima Rd.,srp,az canal @ pima,5/1/2020,4.25,0.082,1.93,0.347,15,130,19,Spring,2020
11913,R11,CAP Canal at Cross-connect,cap,cap @ x con,5/1/2020,3.9,0.008,0.21,0.547,8,,14,Spring,2020
11916,R12,AZ Canal above CAP Cross-connect,srp,az canal inflow,5/1/2020,5.64,0.015,0.27,0.635,16,,6,Spring,2020
11917,R13,AZ Canal below CAP Cross-connect,srp,az canal blw cap,5/1/2020,5.73,0.097,1.69,0.566,21,611,8,Spring,2020
11921,R21,AZ Canal at Central Av.,srp,az canal @ central ave.,5/1/2020,4.09,0.085,2.08,0.43,36,342,18,Spring,2020
11920,R22,AZ Canal - 56th St. (Alma School Road),srp,az canal @ 56th st.,5/1/2020,3.17,0.077,2.43,0.759,37,980,2,Spring,2020
11884,R25,verde river at beeline highway,verde,verde @ beeline,5/1/2020,4.2,0.063,1.5,0.786,57,820,20,Spring,2020
11908,R3,Waddell Canal,cap,waddell canal,5/1/2020,6.32,0.039,0.62,0.582,10,132,4,Spring,2020
11924,SOCA,South Canal below CAP Cross-conect,srp,South canal below CAP,5/1/2020,3.99,0.129,3.23,0.997,41,,10,Spring,2020
11868,HWY 87,AZ Canal at Highway 87,srp,az canal @ hwy 87,2/25/2020,4,0.139,3.5,0.431,200,620,72,Winter,2020
11869,PIMA,AZ Canal at Pima Rd.,srp,az canal @ pima,2/25/2020,5.6,0.229,4.1,0.611,70,480,98,Winter,2020
11863,R11,CAP Canal at Cross-connect,cap,cap @ x con,2/25/2020,3.1,0.055,,0.447,19,135,,Winter,2020
11866,R12,AZ Canal above CAP Cross-connect,srp,az canal inflow,2/25/2020,2.7,0.05,1.9,0.394,23,156,56,Winter,2020
11867,R13,AZ Canal below CAP Cross-connect,srp,az canal blw cap,2/25/2020,3.5,0.113,3.2,0.371,220,,23,Winter,2020
11871,R21,AZ Canal at Central Av.,srp,az canal @ central ave.,2/25/2020,3.4,0.114,3.4,0.431,37,436,,Winter,2020
11870,R22,AZ Canal - 56th St. (Alma School Road),srp,az canal @ 56th st.,2/25/2020,6.4,0.316,4.9,0.919,,,,Winter,2020
11865,R25,verde river at beeline highway,verde,verde @ beeline,2/25/2020,,,,,,,34,Winter,2020
11858,R3,Waddell Canal,cap,waddell canal,2/25/2020,3.4,0.048,1.4,0.487,13,310,8,Winter,2020
11874,SOCA,South Canal below CAP Cross-conect,srp,South canal below CAP,2/25/2020,3.8,0.08,2.1,0.43,480,,43,Winter,2020
12318,HWY 87,AZ Canal at Highway 87,srp,az canal @ hwy 87,2/1/2020,3.2,0.082,2.6,0.496,220,420,,Winter,2020
12319,PIMA,AZ Canal at Pima Rd.,srp,az canal @ pima,2/1/2020,3.3,0.104,3.1,0.538,53,278,,Winter,2020
12313,R11,CAP Canal at Cross-connect,cap,cap @ x con,2/1/2020,3.1,0.077,2.5,0.538,176,432,,Winter,2020
12316,R12,AZ Canal above CAP Cross-connect,srp,az canal inflow,2/1/2020,3.2,0.095,3,0.6,95,298,,Winter,2020
12317,R13,AZ Canal below CAP Cross-connect,srp,az canal blw cap,2/1/2020,3.1,0.096,3.1,0.507,154,312,,Winter,2020
12321,R21,AZ Canal at Central Av.,srp,az canal @ central ave.,2/1/2020,3,0.106,3.5,0.561,60,329,,Winter,2020
12320,R22,AZ Canal - 56th St. (Alma School Road),srp,az canal @ 56th st.,2/1/2020,3.2,0.097,3,0.605,127,298,,Winter,2020
12315,R25,verde river at beeline highway,verde,verde @ beeline,2/1/2020,3.1,0.096,3.1,0.526,276,,,Winter,2020
12308,R3,Waddell Canal,cap,waddell canal,2/1/2020,,,,,,,,Winter,2020
12324,SOCA,South Canal below CAP Cross-conect,srp,South canal below CAP,2/1/2020,3.2,0.08,2.5,0.603,112,300,,Winter,2020
11818,HWY 87,AZ Canal at Highway 87,srp,az canal @ hwy 87,1/27/2020,3.4,0.043,1.3,0.343,450,58,52,Winter,2020
11819,PIMA,AZ Canal at Pima Rd.,srp,az canal @ pima,1/27/2020,3.7,0.097,2.6,0.379,790,650,72,Winter,2020
11813,R11,CAP Canal at Cross-connect,cap,cap @ x con,1/27/2020,2.8,0.015,,0.338,160,19,31,Winter,2020
11816,R12,AZ Canal above CAP Cross-connect,srp,az canal inflow,1/27/2020,2.8,0.09,3.2,0.326,360,23,34,Winter,2020
11817,R13,AZ Canal below CAP Cross-connect,srp,az canal blw cap,1/27/2020,3.2,0.039,1.2,0.366,132,660,30,Winter,2020
11821,R21,AZ Canal at Central Av.,srp,az canal @ central ave.,1/27/2020,3.5,0.093,2.6,0.455,600,283,16,Winter,2020
11820,R22,AZ Canal - 56th St. (Alma School Road),srp,az canal @ 56th st.,1/27/2020,3.7,0.064,1.7,0.333,220,800,10,Winter,2020
11784,R25,verde river at beeline highway,verde,verde @ beeline,1/27/2020,1.2,,,,,,21,Winter,2020
11808,R3,Waddell Canal,cap,waddell canal,1/27/2020,3.1,0.011,0.4,0.32,310,45,9,Winter,2020
11824,SOCA,South Canal below CAP Cross-conect,srp,South canal below CAP,1/27/2020,3.8,0.08,2.1,0.304,240,254,22,Winter,2020
11768,HWY 87,AZ Canal at Highway 87,srp,az canal @ hwy 87,12/16/2019,5.31,0.147,2.77,0.343,186,365,65,Fall,2019
11769,PIMA,AZ Canal at Pima Rd.,srp,az canal @ pima,12/16/2019,5.11,0.145,2.84,0.379,,,9,Fall,2019
11763,R11,CAP Canal at Cross-connect,cap,cap @ x con,12/16/2019,,,,,,,,Fall,2019
11766,R12,AZ Canal above CAP Cross-connect,srp,az canal inflow,12/16/2019,5.29,0.147,2.78,0.326,75,476,36,Fall,2019
11767,R13,AZ Canal below CAP Cross-connect,srp,az canal blw cap,12/16/2019,5.19,0.147,2.83,0.366,48,574,,Fall,2019
11771,R21,AZ Canal at Central Av.,srp,az canal @ central ave.,12/16/2019,5.59,0.145,2.59,0.455,112,476,14,Fall,2019
11770,R22,AZ Canal - 56th St. (Alma School Road),srp,az canal @ 56th st.,12/16/2019,5.25,0.146,2.78,0.333,31,424,78,Fall,2019
11765,R25,verde river at beeline highway,verde,verde @ beeline,12/16/2019,5.35,0.149,2.79,0.403,107,636,14,Fall,2019
11758,R3,Waddell Canal,cap,waddell canal,12/16/2019,3.38,0.053,1.57,0.32,,,11,Fall,2019
11774,SOCA,South Canal below CAP Cross-conect,srp,South canal below CAP,12/16/2019,5.52,0.149,2.7,0.43,65,397,,Fall,2019
11718,HWY 87,AZ Canal at Highway 87,srp,az canal @ hwy 87,11/25/2019,3.98,0.099,2.49,0.379,31,329,65,Fall,2019
11719,PIMA,AZ Canal at Pima Rd.,srp,az canal @ pima,11/25/2019,4.15,0.101,2.44,0.338,23,317,9,Fall,2019
11713,R11,CAP Canal at Cross-connect,cap,cap @ x con,11/25/2019,5.88,,,,,,,Fall,2019
11716,R12,AZ Canal above CAP Cross-connect,srp,az canal inflow,11/25/2019,4.29,0.106,2.47,0.438,47,541,36,Fall,2019
11717,R13,AZ Canal below CAP Cross-connect,srp,az canal blw cap,11/25/2019,3.91,0.098,2.51,0.338,236,147,,Fall,2019
11721,R21,AZ Canal at Central Av.,srp,az canal @ central ave.,11/25/2019,3.57,0.09,2.52,1.86,67,,14,Fall,2019
11720,R22,AZ Canal - 56th St. (Alma School Road),srp,az canal @ 56th st.,11/25/2019,3.8,0.095,2.5,0.454,42,336,78,Fall,2019
11684,R25,verde river at beeline highway,verde,verde @ beeline,11/25/2019,,,,,,,14,Fall,2019
11708,R3,Waddell Canal,cap,waddell canal,11/25/2019,3,0.052,1.73,,,765,11,Fall,2019
11724,SOCA,South Canal below CAP Cross-conect,srp,South canal below CAP,11/25/2019,4.43,0.109,2.46,,187,264,,Fall,2019
11668,HWY 87,AZ Canal at Highway 87,srp,az canal @ hwy 87,10/21/2019,4.09,0.113,2.77,0.41,77,486,33,Fall,2019
11669,PIMA,AZ Canal at Pima Rd.,srp,az canal @ pima,10/21/2019,3.99,0.112,2.81,0.365,43,,43,Fall,2019
11663,R11,CAP Canal at Cross-connect,cap,cap @ x con,10/21/2019,2.79,0.047,1.69,0.457,42,332,,Fall,2019
11666,R12,AZ Canal above CAP Cross-connect,srp,az canal inflow,10/21/2019,3.04,0.052,1.71,0.382,57,386,56,Fall,2019
11667,R13,AZ Canal below CAP Cross-connect,srp,az canal blw cap,10/21/2019,3.43,0.081,2.36,0.352,375,354,61,Fall,2019
11671,R21,AZ Canal at Central Av.,srp,az canal @ central ave.,10/21/2019,3.94,0.108,2.74,0.398,26,468,,Fall,2019
11670,R22,AZ Canal - 56th St. (Alma School Road),srp,az canal @ 56th st.,10/21/2019,3.9,0.113,2.9,0.414,83,674,36,Fall,2019
11665,R25,verde river at beeline highway,verde,verde @ beeline,10/21/2019,,,,,,,,Fall,2019
11658,R3,Waddell Canal,cap,waddell canal,10/21/2019,2.88,0.05,1.73,0.387,243,213,,Fall,2019
11674,SOCA,South Canal below CAP Cross-conect,srp,South canal below CAP,10/21/2019,4.73,0.142,3,0.59,78,,46,Fall,2019
11618,HWY 87,AZ Canal at Highway 87,srp,az canal @ hwy 87,9/24/2019,3.19,0.066,2.07,0.443,76,,18,Fall,2019
11619,PIMA,AZ Canal at Pima Rd.,srp,az canal @ pima,9/24/2019,4.55,0.136,2.99,1.427,32,,26,Fall,2019
11613,R11,CAP Canal at Cross-connect,cap,cap @ x con,9/24/2019,2.66,0.045,1.69,0.554,63,564,,Fall,2019
11616,R12,AZ Canal above CAP Cross-connect,srp,az canal inflow,9/24/2019,3.13,0.062,1.98,0.451,76,567,,Fall,2019
11617,R13,AZ Canal below CAP Cross-connect,srp,az canal blw cap,9/24/2019,3.21,0.065,2.03,0.478,,621,21,Fall,2019
11621,R21,AZ Canal at Central Av.,srp,az canal @ central ave.,9/24/2019,3.57,0.069,1.93,0.585,,45,,Fall,2019
11620,R22,AZ Canal - 56th St. (Alma School Road),srp,az canal @ 56th st.,9/24/2019,3.45,0.066,1.91,0.415,42,768,11,Fall,2019
11584,R25,verde river at beeline highway,verde,verde @ beeline,9/24/2019,,,,,,,,Fall,2019
11608,R3,Waddell Canal,cap,waddell canal,9/24/2019,3.41,0.067,1.97,0.474,64,437,,Fall,2019
11624,SOCA,South Canal below CAP Cross-conect,srp,South canal below CAP,9/24/2019,3.44,0.082,2.39,0.66,243,700,12,Fall,2019
11568,HWY 87,AZ Canal at Highway 87,srp,az canal @ hwy 87,8/19/2019,3.86,0.089,2.31,0.358,11,672,136,Summer,2019
11569,PIMA,AZ Canal at Pima Rd.,srp,az canal @ pima,8/19/2019,4.01,0.085,2.12,0.462,11,512,31,Summer,2019
11563,R11,CAP Canal at Cross-connect,cap,cap @ x con,8/19/2019,3.06,0.064,2.09,0.397,18,931,30,Summer,2019
11566,R12,AZ Canal above CAP Cross-connect,srp,az canal inflow,8/19/2019,3.16,0.106,3.36,0.433,28,762,41,Summer,2019
11567,R13,AZ Canal below CAP Cross-connect,srp,az canal blw cap,8/19/2019,3.39,0.076,2.24,0.404,24,448,13,Summer,2019
11571,R21,AZ Canal at Central Av.,srp,az canal @ central ave.,8/19/2019,3.94,0.117,2.97,0.456,10,582,15,Summer,2019
11570,R22,AZ Canal - 56th St. (Alma School Road),srp,az canal @ 56th st.,8/19/2019,3.98,0.111,2.79,0.422,5,468,6,Summer,2019
11565,R25,verde river at beeline highway,verde,verde @ beeline,8/19/2019,2.26,0.054,2.39,,16,648,,Summer,2019
11558,R3,Waddell Canal,cap,waddell canal,8/19/2019,2.83,0.115,4.07,0.419,3,,4,Summer,2019
11574,SOCA,South Canal below CAP Cross-conect,srp,South canal below CAP,8/19/2019,4.17,0.14,3.36,0.466,16,546,13,Summer,2019
11518,HWY 87,AZ Canal at Highway 87,srp,az canal @ hwy 87,7/22/2019,,,,,,,,Summer,2019
11519,PIMA,AZ Canal at Pima Rd.,srp,az canal @ pima,7/22/2019,4.33,0.076,1.75,0.449,12,348,19,Summer,2019
11513,R11,CAP Canal at Cross-connect,cap,cap @ x con,7/22/2019,,,,,,,,Summer,2019
11516,R12,AZ Canal above CAP Cross-connect,srp,az canal inflow,7/22/2019,,,,,,,,Summer,2019
11517,R13,AZ Canal below CAP Cross-connect,srp,az canal blw cap,7/22/2019,,,,,,,,Summer,2019
11521,R21,AZ Canal at Central Av.,srp,az canal @ central ave.,7/22/2019,4.3,0.076,1.77,0.48,27,273,29,Summer,2019
11520,R22,AZ Canal - 56th St. (Alma School Road),srp,az canal @ 56th st.,7/22/2019,4.09,0.075,1.83,0.503,,,14,Summer,2019
11484,R25,verde river at beeline highway,verde,verde @ beeline,7/22/2019,,,,,,,,Summer,2019
11508,R3,Waddell Canal,cap,waddell canal,7/22/2019,3.17,0.056,1.76,0.576,14,620,,Summer,2019
11524,SOCA,South Canal below CAP Cross-conect,srp,South canal below CAP,7/22/2019,,,,,,,,Summer,2019
11468,HWY 87,AZ Canal at Highway 87,srp,az canal @ hwy 87,6/13/2019,4,0.098,2.45,0.362,26,613,,Spring,2019
11469,PIMA,AZ Canal at Pima Rd.,srp,az canal @ pima,6/13/2019,4.29,0.106,2.47,0.38,16,836,13,Spring,2019
11463,R11,CAP Canal at Cross-connect,cap,cap @ x con,6/13/2019,2.97,0.053,1.79,0.398,29,1001,,Spring,2019
11466,R12,AZ Canal above CAP Cross-connect,srp,az canal inflow,6/13/2019,3.02,0.071,2.35,0.385,23,967,,Spring,2019
11467,R13,AZ Canal below CAP Cross-connect,srp,az canal blw cap,6/13/2019,3.45,0.043,1.25,0.166,20,753,69,Spring,2019
11471,R21,AZ Canal at Central Av.,srp,az canal @ central ave.,6/13/2019,3.99,0.101,2.53,0.368,23,714,14,Spring,2019
11470,R22,AZ Canal - 56th St. (Alma School Road),srp,az canal @ 56th st.,6/13/2019,4.01,0.105,2.62,0.375,,1142,,Spring,2019
11465,R25,verde river at beeline highway,verde,verde @ beeline,6/13/2019,5.87,0.199,3.39,0.444,19,972,86,Spring,2019
11458,R3,Waddell Canal,cap,waddell canal,6/13/2019,2.96,0.051,1.72,0.459,,472,,Spring,2019
11474,SOCA,South Canal below CAP Cross-conect,srp,South canal below CAP,6/13/2019,4.91,0.167,3.4,0.432,42,1253,56,Spring,2019
11418,HWY 87,AZ Canal at Highway 87,srp,az canal @ hwy 87,5/7/2019,4.24,0.132,3.11,0.424,37,,43,Spring,2019
11419,PIMA,AZ Canal at Pima Rd.,srp,az canal @ pima,5/7/2019,4.55,0.13,2.86,0.473,25,,13,Spring,2019
11413,R11,CAP Canal at Cross-connect,cap,cap @ x con,5/7/2019,5.88,0.036,0.61,0.458,16,863,32,Spring,2019
11416,R12,AZ Canal above CAP Cross-connect,srp,az canal inflow,5/7/2019,3.58,0.047,1.31,0.576,,,41,Spring,2019
11417,R13,AZ Canal below CAP Cross-connect,srp,az canal blw cap,5/7/2019,3.9,0.105,2.7,0.43,,458,69,Spring,2019
11421,R21,AZ Canal at Central Av.,srp,az canal @ central ave.,5/7/2019,4.69,0.119,2.54,0.42,28,1184,14,Spring,2019
11420,R22,AZ Canal - 56th St. (Alma School Road),srp,az canal @ 56th st.,5/7/2019,4.73,0.124,2.62,0.536,20,859,42,Spring,2019
11384,R25,verde river at beeline highway,verde,verde @ beeline,5/7/2019,,,,,19,972,22,Spring,2019
11408,R3,Waddell Canal,cap,waddell canal,5/7/2019,2.81,0.035,1.25,0.475,,562,,Spring,2019
11424,SOCA,South Canal below CAP Cross-conect,srp,South canal below CAP,5/7/2019,6.31,0.205,3.25,0.451,24,629,18,Spring,2019
11368,HWY 87,AZ Canal at Highway 87,srp,az canal @ hwy 87,4/15/2019,7.85,0.162,2.06,1.807,,,,Spring,2019
11369,PIMA,AZ Canal at Pima Rd.,srp,az canal @ pima,4/15/2019,8.06,0.157,1.95,1.791,101,169,,Spring,2019
11363,R11,CAP Canal at Cross-connect,cap,cap @ x con,4/15/2019,5.83,0.037,0.63,1.928,84,174,,Spring,2019
11366,R12,AZ Canal above CAP Cross-connect,srp,az canal inflow,4/15/2019,6.74,0.053,0.79,1.884,153,285,,Spring,2019
11367,R13,AZ Canal below CAP Cross-connect,srp,az canal blw cap,4/15/2019,8.05,0.16,1.99,1.825,96,184,,Spring,2019
11371,R21,AZ Canal at Central Av.,srp,az canal @ central ave.,4/15/2019,7.6,0.137,1.8,1.767,123,,,Spring,2019
11370,R22,AZ Canal - 56th St. (Alma School Road),srp,az canal @ 56th st.,4/15/2019,7.79,0.144,1.85,1.844,124,413,,Spring,2019
11365,R25,verde river at beeline highway,verde,verde @ beeline,4/15/2019,8.38,0.2,2.39,1.806,185,112,,Spring,2019
11358,R3,Waddell Canal,cap,waddell canal,4/15/2019,6,0.038,0.63,1.996,,72,,Spring,2019
11374,SOCA,South Canal below CAP Cross-conect,srp,South canal below CAP,4/15/2019,8.94,0.196,2.19,1.937,,249,,Spring,2019
11318,HWY 87,AZ Canal at Highway 87,srp,az canal @ hwy 87,3/25/2019,,,,,,,,Winter,2019
11319,PIMA,AZ Canal at Pima Rd.,srp,az canal @ pima,3/25/2019,,,,,,,43,Winter,2019
11313,R11,CAP Canal at Cross-connect,cap,cap @ x con,3/25/2019,,,,,,,,Winter,2019
11316,R12,AZ Canal above CAP Cross-connect,srp,az canal inflow,3/25/2019,,,,,,,,Winter,2019
11317,R13,AZ Canal below CAP Cross-connect,srp,az canal blw cap,3/25/2019,,,,,,,84,Winter,2019
11321,R21,AZ Canal at Central Av.,srp,az canal @ central ave.,3/25/2019,4.33,0.203,4.69,0.358,212,,42,Winter,2019
11320,R22,AZ Canal - 56th St. (Alma School Road),srp,az canal @ 56th st.,3/25/2019,4.53,0.193,4.26,0.474,132,,,Winter,2019
11284,R25,verde river at beeline highway,verde,verde @ beeline,3/25/2019,4.54,0.201,4.43,0.343,168,124,,Winter,2019
11308,R3,Waddell Canal,cap,waddell canal,3/25/2019,2.65,0.056,2.11,0.335,10,720,,Winter,2019
11324,SOCA,South Canal below CAP Cross-conect,srp,South canal below CAP,3/25/2019,,,,,32,364,94,Winter,2019
11268,HWY 87,AZ Canal at Highway 87,srp,az canal @ hwy 87,2/25/2019,2.76,0.109,3.96,0.346,64,284,,Winter,2019
11269,PIMA,AZ Canal at Pima Rd.,srp,az canal @ pima,2/25/2019,,,,,,,,Winter,2019
11263,R11,CAP Canal at Cross-connect,cap,cap @ x con,2/25/2019,2.59,0.047,1.81,0.528,6,196,,Winter,2019
11266,R12,AZ Canal above CAP Cross-connect,srp,az canal inflow,2/25/2019,2.52,0.05,1.98,0.559,11,296,,Winter,2019
11267,R13,AZ Canal below CAP Cross-connect,srp,az canal blw cap,2/25/2019,2.61,0.11,4.22,0.402,48,258,,Winter,2019
11271,R21,AZ Canal at Central Av.,srp,az canal @ central ave.,2/25/2019,2.68,0.157,5.86,0.445,80,350,104,Winter,2019
11270,R22,AZ Canal - 56th St. (Alma School Road),srp,az canal @ 56th st.,2/25/2019,2.62,0.109,4.15,0.541,56,104,144,Winter,2019
11265,R25,verde river at beeline highway,verde,verde @ beeline,2/25/2019,3.93,0.228,5.8,0.69,72,808,76,Winter,2019
11258,R3,Waddell Canal,cap,waddell canal,2/25/2019,2.49,0.051,2.05,0.517,132,172,5,Winter,2019
11274,SOCA,South Canal below CAP Cross-conect,srp,South canal below CAP,2/25/2019,2.65,0.179,6.76,0.234,88,309,,Winter,2019
11218,HWY 87,AZ Canal at Highway 87,srp,az canal @ hwy 87,1/21/2019,,,,,,,,Winter,2019
11219,PIMA,AZ Canal at Pima Rd.,srp,az canal @ pima,1/21/2019,,,,,,,80,Winter,2019
11213,R11,CAP Canal at Cross-connect,cap,cap @ x con,1/21/2019,,,,,,,25,Winter,2019
11216,R12,AZ Canal above CAP Cross-connect,srp,az canal inflow,1/21/2019,,,,,,,56,Winter,2019
11217,R13,AZ Canal below CAP Cross-connect,srp,az canal blw cap,1/21/2019,,,,,,,96,Winter,2019
11221,R21,AZ Canal at Central Av.,srp,az canal @ central ave.,1/21/2019,4.33,,,0.358,212,1008,49,Winter,2019
11220,R22,AZ Canal - 56th St. (Alma School Road),srp,az canal @ 56th st.,1/21/2019,4.53,,,0.474,132,,,Winter,2019
11184,R25,verde river at beeline highway,verde,verde @ beeline,1/21/2019,4.54,0.083,1.83,0.343,168,124,408,Winter,2019
11208,R3,Waddell Canal,cap,waddell canal,1/21/2019,2.65,0.053,2,0.335,10,720,,Winter,2019
11224,SOCA,South Canal below CAP Cross-conect,srp,South canal below CAP,1/21/2019,,,,,32,364,114,Winter,2019
11168,HWY 87,AZ Canal at Highway 87,srp,az canal @ hwy 87,12/15/2018,,0.063,,,6,640,,Fall,2018
11169,PIMA,AZ Canal at Pima Rd.,srp,az canal @ pima,12/15/2018,,0.066,,,2,360,,Fall,2018
11163,R11,CAP Canal at Cross-connect,cap,cap @ x con,12/15/2018,,0.042,,,21,1096,,Fall,2018
11166,R12,AZ Canal above CAP Cross-connect,srp,az canal inflow,12/15/2018,,0.041,,,22,984,,Fall,2018
11167,R13,AZ Canal below CAP Cross-connect,srp,az canal blw cap,12/15/2018,,0.054,,,11,1152,,Fall,2018
11171,R21,AZ Canal at Central Av.,srp,az canal @ central ave.,12/15/2018,,0.065,,,23,496,,Fall,2018
11170,R22,AZ Canal - 56th St. (Alma School Road),srp,az canal @ 56th st.,12/15/2018,,0.065,,,20,712,,Fall,2018
11165,R25,verde river at beeline highway,verde,verde @ beeline,12/15/2018,,0.071,,,51,800,18,Fall,2018
11158,R3,Waddell Canal,cap,waddell canal,12/15/2018,,0.043,,,2,1176,8,Fall,2018
11174,SOCA,South Canal below CAP Cross-conect,srp,South canal below CAP,12/15/2018,,,,,,,32,Fall,2018
11118,HWY 87,AZ Canal at Highway 87,srp,az canal @ hwy 87,11/20/2018,2.58,0.041,1.59,0.13,19,616,5,Fall,2018
11119,PIMA,AZ Canal at Pima Rd.,srp,az canal @ pima,11/20/2018,2.55,0.042,1.65,0.121,13,640,4,Fall,2018
11113,R11,CAP Canal at Cross-connect,cap,cap @ x con,11/20/2018,2.78,0.039,1.4,0.2,26,920,0,Fall,2018
11116,R12,AZ Canal above CAP Cross-connect,srp,az canal inflow,11/20/2018,2.64,0.039,1.48,0.185,33,1112,0,Fall,2018
11117,R13,AZ Canal below CAP Cross-connect,srp,az canal blw cap,11/20/2018,2.78,0.043,1.55,0.166,24,944,1,Fall,2018
11121,R21,AZ Canal at Central Av.,srp,az canal @ central ave.,11/20/2018,2.68,0.041,1.53,0.069,20,688,6,Fall,2018
11120,R22,AZ Canal - 56th St. (Alma School Road),srp,az canal @ 56th st.,11/20/2018,2.6,0.043,1.65,0.154,6,744,1,Fall,2018
11115,R25,verde river at beeline highway,verde,verde @ beeline,11/20/2018,2.26,0.054,2.39,0.256,16,648,8,Fall,2018
11108,R3,Waddell Canal,cap,waddell canal,11/20/2018,3.16,0.04,1.27,0.211,8,840,1,Fall,2018
11124,SOCA,South Canal below CAP Cross-conect,srp,South canal below CAP,11/20/2018,,,,,,,,Fall,2018
11068,HWY 87,AZ Canal at Highway 87,srp,az canal @ hwy 87,10/22/2018,2.68,0.041,1.53,0.422,29,472,2,Fall,2018
11069,PIMA,AZ Canal at Pima Rd.,srp,az canal @ pima,10/22/2018,2.59,0.039,1.5,0.395,10,624,13,Fall,2018
11063,R11,CAP Canal at Cross-connect,cap,cap @ x con,10/22/2018,2.83,0.041,1.45,0.428,43,360,2,Fall,2018
11066,R12,AZ Canal above CAP Cross-connect,srp,az canal inflow,10/22/2018,2.69,0.039,1.45,0.405,40,432,0,Fall,2018
11067,R13,AZ Canal below CAP Cross-connect,srp,az canal blw cap,10/22/2018,2.66,0.039,1.47,0.433,29,288,1,Fall,2018
11071,R21,AZ Canal at Central Av.,srp,az canal @ central ave.,10/22/2018,2.77,0.039,1.41,0.444,56,520,20,Fall,2018
11070,R22,AZ Canal - 56th St. (Alma School Road),srp,az canal @ 56th st.,10/22/2018,2.63,0.04,1.52,0.488,21,488,17,Fall,2018
11065,R25,verde river at beeline highway,verde,verde @ beeline,10/22/2018,2.73,0.069,2.53,0.753,75,736,,Fall,2018
11058,R3,Waddell Canal,cap,waddell canal,10/22/2018,2.66,0.04,1.5,0.456,4,616,0,Fall,2018
11074,SOCA,South Canal below CAP Cross-conect,srp,South canal below CAP,10/22/2018,2.86,0.07,2.45,0.667,57,752,,Fall,2018
11018,HWY 87,AZ Canal at Highway 87,srp,az canal @ hwy 87,9/25/2018,2.93,0.058,1.98,0.324,26,1264,3,Fall,2018
11019,PIMA,AZ Canal at Pima Rd.,srp,az canal @ pima,9/25/2018,2.77,0.053,1.92,0.484,14,1768,3,Fall,2018
11013,R11,CAP Canal at Cross-connect,cap,cap @ x con,9/25/2018,2.67,0.045,1.69,0.297,8,896,2,Fall,2018
11016,R12,AZ Canal above CAP Cross-connect,srp,az canal inflow,9/25/2018,2.68,0.045,1.68,0.268,34,992,0,Fall,2018
11017,R13,AZ Canal below CAP Cross-connect,srp,az canal blw cap,9/25/2018,3.12,0.059,1.89,0.335,23,960,2,Fall,2018
11021,R21,AZ Canal at Central Av.,srp,az canal @ central ave.,9/25/2018,2.83,0.052,1.84,0.258,13,1152,2,Fall,2018
11020,R22,AZ Canal - 56th St. (Alma School Road),srp,az canal @ 56th st.,9/25/2018,2.9,0.053,1.83,0.372,31,1080,4,Fall,2018
11015,R25,verde river at beeline highway,verde,verde @ beeline,9/25/2018,2.24,0.057,2.54,0.559,48,832,15,Fall,2018
11008,R3,Waddell Canal,cap,waddell canal,9/25/2018,2.69,0.046,1.71,0.3,6,776,0,Fall,2018
11024,SOCA,South Canal below CAP Cross-conect,srp,South canal below CAP,9/25/2018,3.91,0.088,2.25,0.501,56,1056,4,Fall,2018
10968,HWY 87,AZ Canal at Highway 87,srp,az canal @ hwy 87,8/21/2018,3.54,0.062,1.75,0.242,24,760,,Summer,2018
10969,PIMA,AZ Canal at Pima Rd.,srp,az canal @ pima,8/21/2018,3.63,0.064,1.76,0.49,13,1096,,Summer,2018
10963,R11,CAP Canal at Cross-connect,cap,cap @ x con,8/21/2018,3.35,0.051,1.52,0.261,27,344,,Summer,2018
10966,R12,AZ Canal above CAP Cross-connect,srp,az canal inflow,8/21/2018,3.63,0.055,1.52,0.265,11,472,,Summer,2018
10967,R13,AZ Canal below CAP Cross-connect,srp,az canal blw cap,8/21/2018,3.52,0.064,1.82,0.236,18,488,,Summer,2018
10971,R21,AZ Canal at Central Av.,srp,az canal @ central ave.,8/21/2018,3.53,0.064,1.82,0.331,55,1008,,Summer,2018
10970,R22,AZ Canal - 56th St. (Alma School Road),srp,az canal @ 56th st.,8/21/2018,3.54,0.065,1.83,0.316,35,976,,Summer,2018
10965,R25,verde river at beeline highway,verde,verde @ beeline,8/21/2018,2.73,0.071,2.6,0.341,67,544,,Summer,2018
10958,R3,Waddell Canal,cap,waddell canal,8/21/2018,3.29,0.052,1.58,0.29,0,144,,Summer,2018
10974,SOCA,South Canal below CAP Cross-conect,srp,South canal below CAP,8/21/2018,4.17,0.083,1.99,0.29,43,1056,,Summer,2018
10918,HWY 87,AZ Canal at Highway 87,srp,az canal @ hwy 87,7/9/2018,3.87,0.08,2.07,0.297,28,1000,13,Summer,2018
10919,PIMA,AZ Canal at Pima Rd.,srp,az canal @ pima,7/9/2018,3.73,0.081,2.17,0.304,0,1000,34,Summer,2018
10913,R11,CAP Canal at Cross-connect,cap,cap @ x con,7/9/2018,3.13,0.051,1.63,0.321,11,776,0,Summer,2018
10916,R12,AZ Canal above CAP Cross-connect,srp,az canal inflow,7/9/2018,3.78,0.074,1.96,0.309,20,648,7,Summer,2018
10917,R13,AZ Canal below CAP Cross-connect,srp,az canal blw cap,7/9/2018,3.69,0.078,2.12,0.31,17,1040,23,Summer,2018
10921,R21,AZ Canal at Central Av.,srp,az canal @ central ave.,7/9/2018,3.89,0.081,2.08,0.324,36,960,3,Summer,2018
10920,R22,AZ Canal - 56th St. (Alma School Road),srp,az canal @ 56th st.,7/9/2018,3.83,0.082,2.14,0.271,18,1016,18,Summer,2018
10915,R25,verde river at beeline highway,verde,verde @ beeline,7/9/2018,2.07,0.051,2.47,0.312,91,472,40,Summer,2018
10908,R3,Waddell Canal,cap,waddell canal,7/9/2018,2.99,0.053,1.78,0.403,0,896,18,Summer,2018
10924,SOCA,South Canal below CAP Cross-conect,srp,South canal below CAP,7/9/2018,3.83,0.08,2.09,0.3,27,736,267,Summer,2018
10868,HWY 87,AZ Canal at Highway 87,srp,az canal @ hwy 87,6/4/2018,4.89,0.074,1.51,0.432,16,1808,3,Spring,2018
10869,PIMA,AZ Canal at Pima Rd.,srp,az canal @ pima,6/4/2018,4.47,0.07,1.56,0.344,14,,3,Spring,2018
10863,R11,CAP Canal at Cross-connect,cap,cap @ x con,6/4/2018,3.73,0.049,1.31,0.409,24,336,3,Spring,2018
10866,R12,AZ Canal above CAP Cross-connect,srp,az canal inflow,6/4/2018,3.66,0.051,1.39,0.394,10,1792,2,Spring,2018
10867,R13,AZ Canal below CAP Cross-connect,srp,az canal blw cap,6/4/2018,4.3,0.067,1.56,0.434,17,1392,,Spring,2018
10871,R21,AZ Canal at Central Av.,srp,az canal @ central ave.,6/4/2018,4.8,0.074,1.54,0.376,23,624,9,Spring,2018
10870,R22,AZ Canal - 56th St. (Alma School Road),srp,az canal @ 56th st.,6/4/2018,4.92,0.077,1.57,0.405,54,1016,3,Spring,2018
10865,R25,verde river at beeline highway,verde,verde @ beeline,6/4/2018,3.23,0.05,1.55,0.396,23,1408,19,Spring,2018
10858,R3,Waddell Canal,cap,waddell canal,6/4/2018,3.96,0.075,1.89,0.454,0,392,4,Spring,2018
10874,SOCA,South Canal below CAP Cross-conect,srp,South canal below CAP,6/4/2018,4.61,0.071,1.54,0.395,7,1080,3,Spring,2018
10818,HWY 87,AZ Canal at Highway 87,srp,az canal @ hwy 87,5/7/2018,3.74,0.067,1.79,0.23,14,1264,2,Spring,2018
10819,PIMA,AZ Canal at Pima Rd.,srp,az canal @ pima,5/7/2018,3.67,0.067,1.82,0.572,10,824,7,Spring,2018
10813,R11,CAP Canal at Cross-connect,cap,cap @ x con,5/7/2018,2.95,0.049,1.66,0.425,43,448,1,Spring,2018
10816,R12,AZ Canal above CAP Cross-connect,srp,az canal inflow,5/7/2018,3.12,0.048,1.54,0.461,31,896,0,Spring,2018
10817,R13,AZ Canal below CAP Cross-connect,srp,az canal blw cap,5/7/2018,3.54,0.062,1.75,0.301,20,1424,1,Spring,2018
10821,R21,AZ Canal at Central Av.,srp,az canal @ central ave.,5/7/2018,3.6,0.066,1.83,0.259,16,512,1,Spring,2018
10820,R22,AZ Canal - 56th St. (Alma School Road),srp,az canal @ 56th st.,5/7/2018,3.77,0.065,1.73,0.342,42,512,11,Spring,2018
10815,R25,verde river at beeline highway,verde,verde @ beeline,5/7/2018,2.37,0.048,2.02,0.345,5,808,56,Spring,2018
10808,R3,Waddell Canal,cap,waddell canal,5/7/2018,3.02,0.046,1.52,0.426,10,408,0,Spring,2018
10824,SOCA,South Canal below CAP Cross-conect,srp,South canal below CAP,5/7/2018,3.86,0.073,1.89,0.262,13,1184,0,Spring,2018
10768,HWY 87,AZ Canal at Highway 87,srp,az canal @ hwy 87,4/2/2018,4.14,0.072,1.74,0.801,31,1032,3,Spring,2018
10769,PIMA,AZ Canal at Pima Rd.,srp,az canal @ pima,4/2/2018,3.96,0.084,2.12,0.516,2,760,3,Spring,2018
10763,R11,CAP Canal at Cross-connect,cap,cap @ x con,4/2/2018,,,,,,,,Spring,2018
10766,R12,AZ Canal above CAP Cross-connect,srp,az canal inflow,4/2/2018,3.92,0.07,1.79,0.954,26,600,6,Spring,2018
10767,R13,AZ Canal below CAP Cross-connect,srp,az canal blw cap,4/2/2018,4.06,0.073,1.8,1.367,24,984,2,Spring,2018
10771,R21,AZ Canal at Central Av.,srp,az canal @ central ave.,4/2/2018,3.86,0.07,1.82,1.468,14,552,5,Spring,2018
10770,R22,AZ Canal - 56th St. (Alma School Road),srp,az canal @ 56th st.,4/2/2018,4.01,0.072,1.8,1.319,10,744,2,Spring,2018
10765,R25,verde river at beeline highway,verde,verde @ beeline,4/2/2018,2.38,0.046,1.94,1.116,12,352,8,Spring,2018
10758,R3,Waddell Canal,cap,waddell canal,4/2/2018,3.07,0.053,1.73,4.856,5,464,3,Spring,2018
10774,SOCA,South Canal below CAP Cross-conect,srp,South canal below CAP,4/2/2018,4.32,0.07,1.62,1.915,16,976,4,Spring,2018
10718,HWY 87,AZ Canal at Highway 87,srp,az canal @ hwy 87,3/5/2018,2.76,0.058,2.1,1.232,20,576,18,Winter,2018
10719,PIMA,AZ Canal at Pima Rd.,srp,az canal @ pima,3/5/2018,2.67,0.056,2.1,1.124,4,520,2,Winter,2018
10713,R11,CAP Canal at Cross-connect,cap,cap @ x con,3/5/2018,2.59,0.046,1.77,4.76,1,944,,Winter,2018
10716,R12,AZ Canal above CAP Cross-connect,srp,az canal inflow,3/5/2018,2.52,0.044,1.74,5.356,4,840,1,Winter,2018
10717,R13,AZ Canal below CAP Cross-connect,srp,az canal blw cap,3/5/2018,2.61,0.056,2.15,2.319,14,840,,Winter,2018
10721,R21,AZ Canal at Central Av.,srp,az canal @ central ave.,3/5/2018,2.68,0.055,2.05,3.156,6,728,21,Winter,2018
10720,R22,AZ Canal - 56th St. (Alma School Road),srp,az canal @ 56th st.,3/5/2018,2.61,0.055,2.11,4.461,3,560,19,Winter,2018
10684,R25,verde river at beeline highway,verde,verde @ beeline,3/5/2018,3.93,0.071,1.81,7.908,35,696,23,Winter,2018
10708,R3,Waddell Canal,cap,waddell canal,3/5/2018,2.49,0.045,1.81,4.542,0,664,0,Winter,2018
10724,SOCA,South Canal below CAP Cross-conect,srp,South canal below CAP,3/5/2018,2.65,0.065,2.45,-0.927,20,624,45,Winter,2018
10668,HWY 87,AZ Canal at Highway 87,srp,az canal @ hwy 87,2/5/2018,3.2,0.074,2.31,,,,,Winter,2018
10669,PIMA,AZ Canal at Pima Rd.,srp,az canal @ pima,2/5/2018,3.03,0.078,2.57,,,,13,Winter,2018
10663,R11,CAP Canal at Cross-connect,cap,cap @ x con,2/5/2018,,,,,,,,Winter,2018
10666,R12,AZ Canal above CAP Cross-connect,srp,az canal inflow,2/5/2018,3.11,0.072,2.31,,140,488,,Winter,2018
10667,R13,AZ Canal below CAP Cross-connect,srp,az canal blw cap,2/5/2018,3.07,0.081,2.64,,95,408,6,Winter,2018
10671,R21,AZ Canal at Central Av.,srp,az canal @ central ave.,2/5/2018,3.33,0.069,2.07,,103,464,0,Winter,2018
10670,R22,AZ Canal - 56th St. (Alma School Road),srp,az canal @ 56th st.,2/5/2018,1.15,0.027,2.35,,509,296,,Winter,2018
10634,R25,verde river at beeline highway,verde,verde @ beeline,2/5/2018,3.1,0.073,2.35,,46,41,5,Winter,2018
10658,R3,Waddell Canal,cap,waddell canal,2/5/2018,3.06,0.053,1.73,,0,640,1,Winter,2018
10674,SOCA,South Canal below CAP Cross-conect,srp,South canal below CAP,2/5/2018,2.85,0.077,2.7,,59,456,14,Winter,2018
10618,HWY 87,AZ Canal at Highway 87,srp,az canal @ hwy 87,1/8/2018,,,,,,,,Winter,2018
10619,PIMA,AZ Canal at Pima Rd.,srp,az canal @ pima,1/8/2018,,,,,,,,Winter,2018
10613,R11,CAP Canal at Cross-connect,cap,cap @ x con,1/8/2018,,,,,,,,Winter,2018
10616,R12,AZ Canal above CAP Cross-connect,srp,az canal inflow,1/8/2018,,,,,,,,Winter,2018
10617,R13,AZ Canal below CAP Cross-connect,srp,az canal blw cap,1/8/2018,,,,,,,,Winter,2018
10621,R21,AZ Canal at Central Av.,srp,az canal @ central ave.,1/8/2018,,,,,,,,Winter,2018
10620,R22,AZ Canal - 56th St. (Alma School Road),srp,az canal @ 56th st.,1/8/2018,,,,,,,,Winter,2018
10584,R25,verde river at beeline highway,verde,verde @ beeline,1/8/2018,3.05,0.083,2.73,0.395,13,456,82,Winter,2018
10608,R3,Waddell Canal,cap,waddell canal,1/8/2018,2.94,0.055,1.87,0.385,1,272,1,Winter,2018
10624,SOCA,South Canal below CAP Cross-conect,srp,South canal below CAP,1/8/2018,3.12,0.074,2.37,0.286,30,488,92,Winter,2018
10568,HWY 87,AZ Canal at Highway 87,srp,az canal @ hwy 87,12/4/2017,2.82,0.063,2.24,0.276,56,1400,61,Fall,2017
10569,PIMA,AZ Canal at Pima Rd.,srp,az canal @ pima,12/4/2017,2.84,0.066,2.32,0.222,13,824,21,Fall,2017
10563,R11,CAP Canal at Cross-connect,cap,cap @ x con,12/4/2017,2.67,0.042,1.57,0.327,105,824,0,Fall,2017
10566,R12,AZ Canal above CAP Cross-connect,srp,az canal inflow,12/4/2017,2.68,0.041,1.53,0.339,73,760,23,Fall,2017
10567,R13,AZ Canal below CAP Cross-connect,srp,az canal blw cap,12/4/2017,2.69,0.054,2.01,0.337,90,480,14,Fall,2017
10571,R21,AZ Canal at Central Av.,srp,az canal @ central ave.,12/4/2017,2.67,0.065,2.43,0.223,39,568,9,Fall,2017
10570,R22,AZ Canal - 56th St. (Alma School Road),srp,az canal @ 56th st.,12/4/2017,2.71,0.065,2.4,0.242,28,496,33,Fall,2017
10534,R25,verde river at beeline highway,verde,verde @ beeline,12/4/2017,2.85,0.071,2.49,0.343,57,824,259,Fall,2017
10558,R3,Waddell Canal,cap,waddell canal,12/4/2017,2.54,0.043,1.69,0.371,6,1200,13,Fall,2017
10574,SOCA,South Canal below CAP Cross-conect,srp,South canal below CAP,12/4/2017,,,,,,,,Fall,2017
10518,HWY 87,AZ Canal at Highway 87,srp,az canal @ hwy 87,11/6/2017,3.57,0.092,2.57,0.5,142,1272,136,Fall,2017
10519,PIMA,AZ Canal at Pima Rd.,srp,az canal @ pima,11/6/2017,3.35,0.092,2.75,0.561,95,976,130,Fall,2017
10513,R11,CAP Canal at Cross-connect,cap,cap @ x con,11/6/2017,2.64,0.046,1.74,0.434,5,1120,46,Fall,2017
10516,R12,AZ Canal above CAP Cross-connect,srp,az canal inflow,11/6/2017,2.64,0.048,1.82,0.388,20,1736,2,Fall,2017
10517,R13,AZ Canal below CAP Cross-connect,srp,az canal blw cap,11/6/2017,3,0.072,2.4,0.442,108,904,,Fall,2017
10521,R21,AZ Canal at Central Av.,srp,az canal @ central ave.,11/6/2017,3.23,0.091,2.82,0.596,43,1200,107,Fall,2017
10520,R22,AZ Canal - 56th St. (Alma School Road),srp,az canal @ 56th st.,11/6/2017,3.52,0.091,2.58,0.549,34,1104,0,Fall,2017
10484,R25,verde river at beeline highway,verde,verde @ beeline,11/6/2017,3.65,0.102,2.79,0.536,88,1088,0,Fall,2017
10508,R3,Waddell Canal,cap,waddell canal,11/6/2017,2.48,0.042,1.69,0.484,5,1480,87,Fall,2017
10524,SOCA,South Canal below CAP Cross-conect,srp,South canal below CAP,11/6/2017,3.86,0.106,2.75,0.533,195,896,41,Fall,2017
10468,HWY 87,AZ Canal at Highway 87,srp,az canal @ hwy 87,10/2/2017,3.81,0.073,1.92,0.364,25,1384,0,Fall,2017
10469,PIMA,AZ Canal at Pima Rd.,srp,az canal @ pima,10/2/2017,3.19,0.073,2.29,0.28,14,1552,0,Fall,2017
10463,R11,CAP Canal at Cross-connect,cap,cap @ x con,10/2/2017,3.05,0.046,1.51,0.37,13,912,0,Fall,2017
10466,R12,AZ Canal above CAP Cross-connect,srp,az canal inflow,10/2/2017,2.42,0.045,1.86,0.361,4,912,0,Fall,2017
10467,R13,AZ Canal below CAP Cross-connect,srp,az canal blw cap,10/2/2017,3.14,0.061,1.94,0.373,33,888,2,Fall,2017
10471,R21,AZ Canal at Central Av.,srp,az canal @ central ave.,10/2/2017,3.16,0.072,2.28,0.306,21,2536,3,Fall,2017
10470,R22,AZ Canal - 56th St. (Alma School Road),srp,az canal @ 56th st.,10/2/2017,3.07,0.072,2.35,0.323,27,1168,6,Fall,2017
10434,R25,verde river at beeline highway,verde,verde @ beeline,10/2/2017,4,0.111,2.78,0.505,30,1088,18,Fall,2017
10458,R3,Waddell Canal,cap,waddell canal,10/2/2017,2.47,0.048,1.94,0.392,7,1528,0,Fall,2017
10474,SOCA,South Canal below CAP Cross-conect,srp,South canal below CAP,10/2/2017,3.69,0.088,2.39,0.37,30,1016,17,Fall,2017
10418,HWY 87,AZ Canal at Highway 87,srp,az canal @ hwy 87,9/4/2017,3.7,0.074,2,0.303,42,2024,3,Summer,2017
10419,PIMA,AZ Canal at Pima Rd.,srp,az canal @ pima,9/4/2017,3.56,0.078,2.19,0.314,13,1568,6,Summer,2017
10413,R11,CAP Canal at Cross-connect,cap,cap @ x con,9/4/2017,3.23,0.052,1.61,0.325,9,2560,0,Summer,2017
10416,R12,AZ Canal above CAP Cross-connect,srp,az canal inflow,9/4/2017,3.25,0.055,1.69,0.294,13,2496,2,Summer,2017
10417,R13,AZ Canal below CAP Cross-connect,srp,az canal blw cap,9/4/2017,3.57,0.068,1.91,0.293,20,2416,,Summer,2017
10421,R21,AZ Canal at Central Av.,srp,az canal @ central ave.,9/4/2017,3.69,0.074,2.01,0.284,44,1224,3,Summer,2017
10420,R22,AZ Canal - 56th St. (Alma School Road),srp,az canal @ 56th st.,9/4/2017,3.73,0.076,2.04,0.277,9,1448,4,Summer,2017
10384,R25,verde river at beeline highway,verde,verde @ beeline,9/4/2017,3.97,0.111,2.8,0.351,27,824,6,Summer,2017
10408,R3,Waddell Canal,cap,waddell canal,9/4/2017,3.32,0.064,1.93,0.297,3,1200,0,Summer,2017
10424,SOCA,South Canal below CAP Cross-conect,srp,South canal below CAP,9/4/2017,4.83,0.092,1.9,0.297,59,1200,7,Summer,2017
10368,HWY 87,AZ Canal at Highway 87,srp,az canal @ hwy 87,8/7/2017,4.01,0.078,1.94,0.339,22,1232,,Summer,2017
10369,PIMA,AZ Canal at Pima Rd.,srp,az canal @ pima,8/7/2017,3.77,0.072,1.91,0.317,26,1520,,Summer,2017
10363,R11,CAP Canal at Cross-connect,cap,cap @ x con,8/7/2017,3.29,0.049,1.49,0.34,26,1176,10,Summer,2017
10366,R12,AZ Canal above CAP Cross-connect,srp,az canal inflow,8/7/2017,3.31,0.053,1.6,0.328,21,1432,31,Summer,2017
10367,R13,AZ Canal below CAP Cross-connect,srp,az canal blw cap,8/7/2017,6.31,0.074,1.17,0.334,41,1432,,Summer,2017
10371,R21,AZ Canal at Central Av.,srp,az canal @ central ave.,8/7/2017,3.37,0.063,1.87,0.315,13,896,,Summer,2017
10370,R22,AZ Canal - 56th St. (Alma School Road),srp,az canal @ 56th st.,8/7/2017,3.48,0.066,1.9,0.331,7,872,,Summer,2017
10334,R25,verde river at beeline highway,verde,verde @ beeline,8/7/2017,3.96,0.11,2.78,0.356,23,752,12,Summer,2017
10358,R3,Waddell Canal,cap,waddell canal,8/7/2017,3.1,0.06,2,0.364,0,1648,1,Summer,2017
10374,SOCA,South Canal below CAP Cross-conect,srp,South canal below CAP,8/7/2017,4.37,0.087,1.99,0.368,50,1296,,Summer,2017
10318,HWY 87,AZ Canal at Highway 87,srp,az canal @ hwy 87,7/3/2017,3.68,0.065,1.77,0.311,11,1200,12,Summer,2017
10319,PIMA,AZ Canal at Pima Rd.,srp,az canal @ pima,7/3/2017,3.22,0.067,2.08,0.32,3,872,5,Summer,2017
10313,R11,CAP Canal at Cross-connect,cap,cap @ x con,7/3/2017,3.28,0.051,1.56,0.385,10,744,0,Summer,2017
10316,R12,AZ Canal above CAP Cross-connect,srp,az canal inflow,7/3/2017,2.94,0.062,2.11,0.198,12,704,2,Summer,2017
10317,R13,AZ Canal below CAP Cross-connect,srp,az canal blw cap,7/3/2017,3.56,0.065,1.83,0.197,11,1208,1,Summer,2017
10321,R21,AZ Canal at Central Av.,srp,az canal @ central ave.,7/3/2017,4.23,0.069,1.63,0.194,93,1056,21,Summer,2017
10320,R22,AZ Canal - 56th St. (Alma School Road),srp,az canal @ 56th st.,7/3/2017,3.43,0.066,1.92,0.195,5,1048,35,Summer,2017
10284,R25,verde river at beeline highway,verde,verde @ beeline,7/3/2017,4.56,0.123,2.7,0.2,13,1440,36,Summer,2017
10308,R3,Waddell Canal,cap,waddell canal,7/3/2017,3.3,0.052,1.57,0.376,1,600,16,Summer,2017
10324,SOCA,South Canal below CAP Cross-conect,srp,South canal below CAP,7/3/2017,4.36,0.079,1.81,0.328,19,1040,16,Summer,2017
10268,HWY 87,AZ Canal at Highway 87,srp,az canal @ hwy 87,6/5/2017,4.18,0.092,2.2,0.408,13,984,26,Spring,2017
10269,PIMA,AZ Canal at Pima Rd.,srp,az canal @ pima,6/5/2017,4.11,0.093,2.26,0.277,1,1040,11,Spring,2017
10263,R11,CAP Canal at Cross-connect,cap,cap @ x con,6/5/2017,3.16,0.048,1.52,0.422,10,1400,3,Spring,2017
10266,R12,AZ Canal above CAP Cross-connect,srp,az canal inflow,6/5/2017,3.3,0.049,1.49,0.455,15,976,0,Spring,2017
10267,R13,AZ Canal below CAP Cross-connect,srp,az canal blw cap,6/5/2017,3.82,0.079,2.07,0.41,13,736,14,Spring,2017
10271,R21,AZ Canal at Central Av.,srp,az canal @ central ave.,6/5/2017,4.09,0.087,2.13,0.373,36,1232,10,Spring,2017
10270,R22,AZ Canal - 56th St. (Alma School Road),srp,az canal @ 56th st.,6/5/2017,4.09,0.09,2.2,0.249,8,904,4,Spring,2017
10234,R25,verde river at beeline highway,verde,verde @ beeline,6/5/2017,5.2,0.167,3.21,0.253,64,856,50,Spring,2017
10258,R3,Waddell Canal,cap,waddell canal,6/5/2017,3.98,0.057,1.43,0.516,1,696,1,Spring,2017
10274,SOCA,South Canal below CAP Cross-conect,srp,South canal below CAP,6/5/2017,4.64,0.123,2.65,0.244,26,1096,,Spring,2017
10218,HWY 87,AZ Canal at Highway 87,srp,az canal @ hwy 87,5/1/2017,3.39,0.171,5.05,0.361,7,952,87,Spring,2017
10219,PIMA,AZ Canal at Pima Rd.,srp,az canal @ pima,5/1/2017,3.45,0.168,4.87,0.367,19,888,33,Spring,2017
10213,R11,CAP Canal at Cross-connect,cap,cap @ x con,5/1/2017,2.07,0.048,2.32,0.451,12,1344,0,Spring,2017
10216,R12,AZ Canal above CAP Cross-connect,srp,az canal inflow,5/1/2017,2.03,0.056,2.76,0.453,16,1480,37,Spring,2017
10217,R13,AZ Canal below CAP Cross-connect,srp,az canal blw cap,5/1/2017,2.92,0.131,4.48,0.416,18,1072,,Spring,2017
10221,R21,AZ Canal at Central Av.,srp,az canal @ central ave.,5/1/2017,3.45,0.165,4.78,0.389,339,456,99,Spring,2017
10220,R22,AZ Canal - 56th St. (Alma School Road),srp,az canal @ 56th st.,5/1/2017,3.64,0.167,4.59,0.376,7,968,83,Spring,2017
10184,R25,verde river at beeline highway,verde,verde @ beeline,5/1/2017,3.7,0.185,5,0.367,10,1208,70,Spring,2017
10208,R3,Waddell Canal,cap,waddell canal,5/1/2017,1.99,0.049,2.46,0.462,4,1392,70,Spring,2017
10224,SOCA,South Canal below CAP Cross-conect,srp,South canal below CAP,5/1/2017,3.48,0.188,5.4,0.37,26,896,43,Spring,2017
10168,HWY 87,AZ Canal at Highway 87,srp,az canal @ hwy 87,4/3/2017,3.93,0.155,3.94,0.409,10,912,57,Spring,2017
10169,PIMA,AZ Canal at Pima Rd.,srp,az canal @ pima,4/3/2017,3.94,0.154,3.91,0.348,1,904,58,Spring,2017
10163,R11,CAP Canal at Cross-connect,cap,cap @ x con,4/3/2017,2.01,0.045,2.24,0.525,8,1124,6,Spring,2017
10166,R12,AZ Canal above CAP Cross-connect,srp,az canal inflow,4/3/2017,2.74,0.086,3.14,0.488,11,1336,36,Spring,2017
10167,R13,AZ Canal below CAP Cross-connect,srp,az canal blw cap,4/3/2017,3.4,0.135,3.97,0.439,13,992,29,Spring,2017
10171,R21,AZ Canal at Central Av.,srp,az canal @ central ave.,4/3/2017,3.9,0.153,3.93,0.374,37,984,92,Spring,2017
10170,R22,AZ Canal - 56th St. (Alma School Road),srp,az canal @ 56th st.,4/3/2017,3.76,0.156,4.15,0.359,16,712,29,Spring,2017
10134,R25,verde river at beeline highway,verde,verde @ beeline,4/3/2017,4.1,0.065,1.58,0.41,12,1304,55,Spring,2017
10158,R3,Waddell Canal,cap,waddell canal,4/3/2017,2.06,0.047,2.29,0.537,0,952,0,Spring,2017
10174,SOCA,South Canal below CAP Cross-conect,srp,South canal below CAP,4/3/2017,3.76,0.172,4.57,0.442,12,800,,Spring,2017
10119,PIMA,AZ Canal at Pima Rd.,srp,az canal @ pima,3/6/2017,4.52,0.138,3.05,0.471,13,848,18,Winter,2017
10113,R11,CAP Canal at Cross-connect,cap,cap @ x con,3/6/2017,,,,,,,,Winter,2017
10116,R12,AZ Canal above CAP Cross-connect,srp,az canal inflow,3/6/2017,,,,,,,,Winter,2017
10117,R13,AZ Canal below CAP Cross-connect,srp,az canal blw cap,3/6/2017,,,,,,,,Winter,2017
10121,R21,AZ Canal at Central Av.,srp,az canal @ central ave.,3/6/2017,4.49,0.135,3,0.469,170,536,5,Winter,2017
10120,R22,AZ Canal - 56th St. (Alma School Road),srp,az canal @ 56th st.,3/6/2017,4.66,0.135,2.89,0.475,16,1280,13,Winter,2017
10084,R25,verde river at beeline highway,verde,verde @ beeline,3/6/2017,4.831,0.16,3.291244049,0.443,9,808,23,Winter,2017
10108,R3,Waddell Canal,cap,waddell canal,3/6/2017,2.61,0.046,1.76,0.521,1,312,0,Winter,2017
10124,SOCA,South Canal below CAP Cross-conect,srp,South canal below CAP,3/6/2017,4.32,0.133,3.08,0.436,33,856,,Winter,2017
10069,PIMA,AZ Canal at Pima Rd.,srp,az canal @ pima,2/6/2017,,0.073,,,,,,Winter,2017
10063,R11,CAP Canal at Cross-connect,cap,cap @ x con,2/6/2017,,,,,,,,Winter,2017
10066,R12,AZ Canal above CAP Cross-connect,srp,az canal inflow,2/6/2017,,0.045,,,,,,Winter,2017
10067,R13,AZ Canal below CAP Cross-connect,srp,az canal blw cap,2/6/2017,,0.06,,,,,,Winter,2017
10071,R21,AZ Canal at Central Av.,srp,az canal @ central ave.,2/6/2017,,0.071,,,66,1184,3,Winter,2017
10070,R22,AZ Canal - 56th St. (Alma School Road),srp,az canal @ 56th st.,2/6/2017,,0.07,,,36,784,6,Winter,2017
10065,R25,verde river at beeline highway,verde,verde @ beeline,2/6/2017,,0.082,,,19,912,,Winter,2017
10058,R3,Waddell Canal,cap,waddell canal,2/6/2017,,0.049,,,1,336,2,Winter,2017
10074,SOCA,South Canal below CAP Cross-conect,srp,South canal below CAP,2/6/2017,,,,,,,,Winter,2017
10019,PIMA,AZ Canal at Pima Rd.,srp,az canal @ pima,1/2/2017,,0.055,,,,,,Winter,2017
10013,R11,CAP Canal at Cross-connect,cap,cap @ x con,1/2/2017,,0.046,,,,,,Winter,2017
10016,R12,AZ Canal above CAP Cross-connect,srp,az canal inflow,1/2/2017,,0.046,,,,,,Winter,2017
10017,R13,AZ Canal below CAP Cross-connect,srp,az canal blw cap,1/2/2017,,0.055,,,,,,Winter,2017
10021,R21,AZ Canal at Central Av.,srp,az canal @ central ave.,1/2/2017,,0.055,,,54,800,0,Winter,2017
10020,R22,AZ Canal - 56th St. (Alma School Road),srp,az canal @ 56th st.,1/2/2017,,0.052,,,25,744,0,Winter,2017
10015,R25,verde river at beeline highway,verde,verde @ beeline,1/2/2017,,0.065,,,41,696,88,Winter,2017
10008,R3,Waddell Canal,cap,waddell canal,1/2/2017,,0.047,,,2,968,0,Winter,2017
10024,SOCA,South Canal below CAP Cross-conect,srp,South canal below CAP,1/2/2017,,,,,,,,Winter,2017
9969,PIMA,AZ Canal at Pima Rd.,srp,az canal @ pima,12/5/2016,,,,,,,,Fall,2016
9963,R11,CAP Canal at Cross-connect,cap,cap @ x con,12/5/2016,,,,,,,,Fall,2016
9966,R12,AZ Canal above CAP Cross-connect,srp,az canal inflow,12/5/2016,,,,,,,,Fall,2016
9967,R13,AZ Canal below CAP Cross-connect,srp,az canal blw cap,12/5/2016,,,,,,,,Fall,2016
9971,R21,AZ Canal at Central Av.,srp,az canal @ central ave.,12/5/2016,,,,,,,7,Fall,2016
9970,R22,AZ Canal - 56th St. (Alma School Road),srp,az canal @ 56th st.,12/5/2016,,,,,,,6,Fall,2016
9965,R25,verde river at beeline highway,verde,verde @ beeline,12/5/2016,,,,,,,,Fall,2016
9958,R3,Waddell Canal,cap,waddell canal,12/5/2016,,,,,,,0,Fall,2016
9974,SOCA,South Canal below CAP Cross-conect,srp,South canal below CAP,12/5/2016,,,,,,,39,Fall,2016
9919,PIMA,AZ Canal at Pima Rd.,srp,az canal @ pima,11/7/2016,,0.059,,,,,,Fall,2016
9913,R11,CAP Canal at Cross-connect,cap,cap @ x con,11/7/2016,,0.061,,,,,,Fall,2016
9916,R12,AZ Canal above CAP Cross-connect,srp,az canal inflow,11/7/2016,,0.046,,,,,,Fall,2016
9917,R13,AZ Canal below CAP Cross-connect,srp,az canal blw cap,11/7/2016,,0.052,,,,,,Fall,2016
9921,R21,AZ Canal at Central Av.,srp,az canal @ central ave.,11/7/2016,,0.057,,,43,832,,Fall,2016
9920,R22,AZ Canal - 56th St. (Alma School Road),srp,az canal @ 56th st.,11/7/2016,,0.058,,,6,872,,Fall,2016
9915,R25,verde river at beeline highway,verde,verde @ beeline,11/7/2016,,0.064,,,55,952,,Fall,2016
9908,R3,Waddell Canal,cap,waddell canal,11/7/2016,,0.045,,,11,1184,,Fall,2016
9924,SOCA,South Canal below CAP Cross-conect,srp,South canal below CAP,11/7/2016,,0.065,,,69,760,,Fall,2016
9869,PIMA,AZ Canal at Pima Rd.,srp,az canal @ pima,10/3/2016,,0.061,,,,,,Fall,2016
9863,R11,CAP Canal at Cross-connect,cap,cap @ x con,10/3/2016,,0.049,,,,,,Fall,2016
9866,R12,AZ Canal above CAP Cross-connect,srp,az canal inflow,10/3/2016,,0.049,,,,,,Fall,2016
9867,R13,AZ Canal below CAP Cross-connect,srp,az canal blw cap,10/3/2016,,0.054,,,,,,Fall,2016
9871,R21,AZ Canal at Central Av.,srp,az canal @ central ave.,10/3/2016,,0.057,,,43,922,2,Fall,2016
9870,R22,AZ Canal - 56th St. (Alma School Road),srp,az canal @ 56th st.,10/3/2016,,0.059,,,10,1200,2,Fall,2016
9865,R25,verde river at beeline highway,verde,verde @ beeline,10/3/2016,,0.069,,,28,1168,,Fall,2016
9858,R3,Waddell Canal,cap,waddell canal,10/3/2016,,0.047,,,8,1304,2,Fall,2016
9874,SOCA,South Canal below CAP Cross-conect,srp,South canal below CAP,10/3/2016,,0.063,,,48,1176,1,Fall,2016
9819,PIMA,AZ Canal at Pima Rd.,srp,az canal @ pima,9/12/2016,,0.037,,,,,,Summer,2016
9813,R11,CAP Canal at Cross-connect,cap,cap @ x con,9/12/2016,,0.043,,,,,,Summer,2016
9816,R12,AZ Canal above CAP Cross-connect,srp,az canal inflow,9/12/2016,,0.041,,,,,,Summer,2016
9817,R13,AZ Canal below CAP Cross-connect,srp,az canal blw cap,9/12/2016,,0.046,,,,,,Summer,2016
9821,R21,AZ Canal at Central Av.,srp,az canal @ central ave.,9/12/2016,,0.038,,,33,928,1,Summer,2016
9820,R22,AZ Canal - 56th St. (Alma School Road),srp,az canal @ 56th st.,9/12/2016,,0.036,,,6,1168,2,Summer,2016
9815,R25,verde river at beeline highway,verde,verde @ beeline,9/12/2016,,0.067,,,92,1304,,Summer,2016
9808,R3,Waddell Canal,cap,waddell canal,9/12/2016,,0.041,,,0,440,0,Summer,2016
9824,SOCA,South Canal below CAP Cross-conect,srp,South canal below CAP,9/12/2016,,0.056,,,28,832,0,Summer,2016
9769,PIMA,AZ Canal at Pima Rd.,srp,az canal @ pima,8/1/2016,,,,,,,,Summer,2016
9763,R11,CAP Canal at Cross-connect,cap,cap @ x con,8/1/2016,,,,,,,,Summer,2016
9766,R12,AZ Canal above CAP Cross-connect,srp,az canal inflow,8/1/2016,,,,,,,,Summer,2016
9767,R13,AZ Canal below CAP Cross-connect,srp,az canal blw cap,8/1/2016,,,,,,,,Summer,2016
9771,R21,AZ Canal at Central Av.,srp,az canal @ central ave.,8/1/2016,,,,,,,,Summer,2016
9770,R22,AZ Canal - 56th St. (Alma School Road),srp,az canal @ 56th st.,8/1/2016,,,,,,,,Summer,2016
9765,R25,verde river at beeline highway,verde,verde @ beeline,8/1/2016,,,,,,,,Summer,2016
9758,R3,Waddell Canal,cap,waddell canal,8/1/2016,,,,,,,,Summer,2016
9774,SOCA,South Canal below CAP Cross-conect,srp,South canal below CAP,8/1/2016,,,,,,,,Summer,2016
9719,PIMA,AZ Canal at Pima Rd.,srp,az canal @ pima,7/11/2016,,,,,,,,Summer,2016
9713,R11,CAP Canal at Cross-connect,cap,cap @ x con,7/11/2016,,,,,,,,Summer,2016
9716,R12,AZ Canal above CAP Cross-connect,srp,az canal inflow,7/11/2016,,,,,,,,Summer,2016
9717,R13,AZ Canal below CAP Cross-connect,srp,az canal blw cap,7/11/2016,,,,,,,,Summer,2016
9721,R21,AZ Canal at Central Av.,srp,az canal @ central ave.,7/11/2016,,,,,,,,Summer,2016
9720,R22,AZ Canal - 56th St. (Alma School Road),srp,az canal @ 56th st.,7/11/2016,,,,,,,,Summer,2016
9715,R25,verde river at beeline highway,verde,verde @ beeline,7/11/2016,,,,,,,,Summer,2016
9708,R3,Waddell Canal,cap,waddell canal,7/11/2016,,,,,,,,Summer,2016
9724,SOCA,South Canal below CAP Cross-conect,srp,South canal below CAP,7/11/2016,,,,,,,,Summer,2016
9668,HWY 87,AZ Canal at Highway 87,srp,az canal @ hwy 87,6/6/2016,3.82,0.06,1.57,,,,,Spring,2016
9669,PIMA,AZ Canal at Pima Rd.,srp,az canal @ pima,6/6/2016,1.02,0.07,6.83,,,,,Spring,2016
9663,R11,CAP Canal at Cross-connect,cap,cap @ x con,6/6/2016,2.1,0.047,2.24,,,,,Spring,2016
9666,R12,AZ Canal above CAP Cross-connect,srp,az canal inflow,6/6/2016,2.25,0.045,2,,,,,Spring,2016
9667,R13,AZ Canal below CAP Cross-connect,srp,az canal blw cap,6/6/2016,2.86,0.056,1.96,,,,,Spring,2016
9671,R21,AZ Canal at Central Av.,srp,az canal @ central ave.,6/6/2016,3.75,0.069,1.84,,91,1100,,Spring,2016
9670,R22,AZ Canal - 56th St. (Alma School Road),srp,az canal @ 56th st.,6/6/2016,4.51,0.065,1.44,,15,1340,,Spring,2016
9634,R25,verde river at beeline highway,verde,verde @ beeline,6/6/2016,2.32,0.094,4.05,,1,1312,,Spring,2016
9658,R3,Waddell Canal,cap,waddell canal,6/6/2016,2.13,0.045,2.11,,0,660,,Spring,2016
9674,SOCA,South Canal below CAP Cross-conect,srp,South canal below CAP,6/6/2016,3.8,0.064,1.68,,10,1936,,Spring,2016
